<?xml version="1.0" encoding="UTF-8"?>
<beans:beans xmlns="http://www.springframework.org/schema/security"
			 xmlns:beans="http://www.springframework.org/schema/beans"
			 xmlns:xsi="http://www.w3.org/2001/XMLSchema-instance"
			 xmlns:context="http://www.springframework.org/schema/context"
			 xmlns:tx="http://www.springframework.org/schema/tx"
			 xsi:schemaLocation="http://www.springframework.org/schema/security http://www.springframework.org/schema/security/spring-security-3.1.xsd
    				http://www.springframework.org/schema/beans http://www.springframework.org/schema/beans/spring-beans.xsd
">

	<beans:bean id="loginService" class="service.LoginService" />

	<authentication-manager alias="authenticationManager">
		<authentication-provider user-service-ref="loginService" />
	</authentication-manager>
	
	<http auto-config="true" use-expressions="true">
		<intercept-url pattern="/admin/login" access="permitAll" />
		<intercept-url pattern="/admin/logout" access="permitAll" />
		<intercept-url pattern="/admin/accessDenied" access="permitAll" />
		<intercept-url pattern="/admin/" access="hasAnyRole('ROLE_USER', 'ROLE_ADMIN')" />
		<intercept-url pattern="/admin/add" access="hasAnyRole('ROLE_USER', 'ROLE_ADMIN')" />
		<intercept-url pattern="/admin/**" access="hasRole('ROLE_ADMIN')" />
		<form-login login-page="/admin/login" default-target-url="/admin/" authentication-failure-url="/admin/login?accessdenied=true" />
		<logout logout-success-url="/admin/login" />		
		<access-denied-handler error-page="/admin/accessDenied" />
	</http>

</beans:beans>