<?xml version="1.0" encoding="UTF-8"?>
<beans xmlns="http://www.springframework.org/schema/beans"
       xmlns:xsi="http://www.w3.org/2001/XMLSchema-instance" 
       xmlns:tx="http://www.springframework.org/schema/tx" 
       xmlns:util="http://www.springframework.org/schema/util"
       xsi:schemaLocation="http://www.springframework.org/schema/beans
       http://www.springframework.org/schema/beans/spring-beans.xsd
       http://www.springframework.org/schema/util
       http://www.springframework.org/schema/util/spring-util-2.0.xsd
       http://www.springframework.org/schema/tx
       http://www.springframework.org/schema/tx/spring-tx.xsd">

    <tx:annotation-driven />

    <bean class="org.springframework.dao.annotation.PersistenceExceptionTranslationPostProcessor" />

    <bean id="sessionFactory" class="org.springframework.orm.hibernate3.annotation.AnnotationSessionFactoryBean">
        <property name="dataSource" ref="dataSource" />
        <property name="packagesToScan">
            <list>
                <value>br.com.ideais.evaluation.model.entity</value>
            </list>
        </property>
        <property name="hibernateProperties" ref="hibernateProperties" />
    </bean>

    <bean id="transactionManager"
              class="org.springframework.orm.hibernate3.HibernateTransactionManager">
        <property name="sessionFactory" ref="sessionFactory" />
    </bean>

    <util:properties id="hibernateProperties">
        <prop key="hibernate.dialect">${database.dialect}</prop>
        <prop key="hibernate.show_sql">true</prop>
        <prop key="hibernate.cache.use_query_cache">false</prop>
        <prop key="hibernate.cache.use_second_level_cache">false</prop>
        <prop key="hibernate.hbm2ddl.auto">update</prop>
    </util:properties>

    <bean id="dataSource" class="org.springframework.jdbc.datasource.DriverManagerDataSource">
        <property name="driverClassName" value="${database.driver.class}" />
        <property name="url" value="${database.url}" />
        <property name="username" value="${database.username}" />
        <property name="password" value="${database.password}" />
    </bean>
       
       
</beans>       