<beans xmlns="http://www.springframework.org/schema/beans"
       xmlns:xsi="http://www.w3.org/2001/XMLSchema-instance" 
       xsi:schemaLocation="http://www.springframework.org/schema/beans
       http://www.springframework.org/schema/beans/spring-beans.xsd">
 

    <bean id="mailSender" class="org.springframework.mail.javamail.JavaMailSenderImpl">
        <property name="host" value="smtp.gmail.com"/>
        <property name="port" value="587"></property>
        <property name="username" value="estagiarios.ideais@gmail.com"/>
        <property name="password" value="jovensideais123"/>
        <property name="javaMailProperties">
            <props>
                <prop key="mail.smtp.auth">true</prop>
                <prop key="mail.smtp.starttls.enable">true</prop>
                <prop key="mail.smtp.debug">true</prop>
            </props>
        </property>
    </bean>	
	
    <bean id="velocityEngine" class="org.springframework.ui.velocity.VelocityEngineFactoryBean">
        <property name="velocityProperties">
            <value>
                resource.loader=class
                class.resource.loader.class=org.apache.velocity.runtime.resource.loader.ClasspathResourceLoader
            </value>
        </property>
    </bean>

</beans>